[
  {
    "id": "25f43ad3-3ad2-4283-b65d-df5c0849b67c",
    "data": [
      {
        "text": "finance application",
        "userDefined": false
      }
    ],
    "isTemplate": false,
    "count": 0,
    "lang": "en",
    "updated": 0
  },
  {
    "id": "8ee917ee-e59b-431c-b29b-607cb203601c",
    "data": [
      {
        "text": "Applying for finance",
        "userDefined": false
      }
    ],
    "isTemplate": false,
    "count": 0,
    "lang": "en",
    "updated": 0
  },
  {
    "id": "9219a94d-070c-4bb8-afa4-05c8014a12a6",
    "data": [
      {
        "text": "How do I apply for finance?",
        "userDefined": false
      }
    ],
    "isTemplate": false,
    "count": 0,
    "lang": "en",
    "updated": 0
  }
]