[
  {
    "id": "054fbb70-4ac5-40ab-a59d-a19e7ed76efa",
    "data": [
      {
        "text": "auctions online?",
        "userDefined": false
      }
    ],
    "isTemplate": false,
    "count": 0,
    "lang": "en",
    "updated": 0
  },
  {
    "id": "c70fa33b-2a65-4df0-bd2b-d0f288ec8e19",
    "data": [
      {
        "text": "how can I bid on online auctions?",
        "userDefined": false
      }
    ],
    "isTemplate": false,
    "count": 0,
    "lang": "en",
    "updated": 0
  },
  {
    "id": "3ae5ec0a-0304-4f8a-81eb-e9858ed847c2",
    "data": [
      {
        "text": "online auctions?",
        "userDefined": false
      }
    ],
    "isTemplate": false,
    "count": 0,
    "lang": "en",
    "updated": 0
  }
]