[
  {
    "id": "24c639c1-485f-4344-8efc-e8aee4ab39b4",
    "data": [
      {
        "text": "place a bid",
        "userDefined": false
      }
    ],
    "isTemplate": false,
    "count": 0,
    "lang": "en",
    "updated": 0
  },
  {
    "id": "82609c91-f90c-4165-98ce-db561ef87636",
    "data": [
      {
        "text": "place an autobid",
        "userDefined": false
      }
    ],
    "isTemplate": false,
    "count": 0,
    "lang": "en",
    "updated": 0
  },
  {
    "id": "3df67113-bc45-4a53-86fd-33c6d4dd647a",
    "data": [
      {
        "text": "How do I place an autobid?",
        "userDefined": false
      }
    ],
    "isTemplate": false,
    "count": 0,
    "lang": "en",
    "updated": 0
  }
]