[
  {
    "id": "cac4342b-0e87-4fde-acc2-887e223315d1",
    "data": [
      {
        "text": "question about items?",
        "userDefined": false
      }
    ],
    "isTemplate": false,
    "count": 0,
    "lang": "en",
    "updated": 0
  },
  {
    "id": "c519e19b-dd4e-406f-9393-f4aecfd89111",
    "data": [
      {
        "text": "question about goods?",
        "userDefined": false
      }
    ],
    "isTemplate": false,
    "count": 0,
    "lang": "en",
    "updated": 0
  },
  {
    "id": "0c8bb80e-0436-4f6b-ade5-6b0fc91694a5",
    "data": [
      {
        "text": "How do I ask a question about a good?",
        "userDefined": false
      }
    ],
    "isTemplate": false,
    "count": 0,
    "lang": "en",
    "updated": 0
  }
]