[
  {
    "id": "3b51662c-b239-4997-87f6-b7d216ffa931",
    "data": [
      {
        "text": "Difference between online auctions and Turners Live?",
        "userDefined": false
      }
    ],
    "isTemplate": false,
    "count": 0,
    "lang": "en",
    "updated": 0
  },
  {
    "id": "b1d33254-6ab9-46ad-801b-c694bf97a513",
    "data": [
      {
        "text": "What\u0027s the difference between online ",
        "userDefined": false
      },
      {
        "text": "auctions",
        "userDefined": true
      },
      {
        "text": " and Turners Live?",
        "userDefined": false
      }
    ],
    "isTemplate": false,
    "count": 0,
    "lang": "en",
    "updated": 0
  }
]