[
  {
    "id": "e40ddc40-09c5-464c-852d-1052a216f590",
    "data": [
      {
        "text": "emails from Trade Me?",
        "userDefined": false
      }
    ],
    "isTemplate": false,
    "count": 0,
    "lang": "en",
    "updated": 0
  },
  {
    "id": "cd8dea15-0368-412d-b7e8-df88512dd797",
    "data": [
      {
        "text": "Why am I receiving emails from Trade Me?",
        "userDefined": false
      }
    ],
    "isTemplate": false,
    "count": 0,
    "lang": "en",
    "updated": 0
  }
]