[
  {
    "id": "5b74e095-f24b-45fc-ba46-f5d165234a9b",
    "data": [
      {
        "text": "Why do I need",
        "userDefined": true
      },
      {
        "text": " to ",
        "userDefined": false
      },
      {
        "text": "link",
        "userDefined": true
      },
      {
        "text": " my ",
        "userDefined": false
      },
      {
        "text": "Turners",
        "userDefined": true
      },
      {
        "text": " account to Trade Me?",
        "userDefined": false
      }
    ],
    "isTemplate": false,
    "count": 0,
    "lang": "en",
    "updated": 0
  }
]